{
    "accuracy": 0.9086057371581054,
    "f1_score": 0.9076592440696003,
    "classification_report": {
        "Neutral": {
            "precision": 0.9401041666666666,
            "recall": 0.9601063829787234,
            "f1-score": 0.95,
            "support": 376.0
        },
        "Satisfied": {
            "precision": 0.821078431372549,
            "recall": 0.8909574468085106,
            "f1-score": 0.8545918367346939,
            "support": 376.0
        },
        "Very Dissatisfied": {
            "precision": 0.9738903394255874,
            "recall": 1.0,
            "f1-score": 0.9867724867724867,
            "support": 373.0
        },
        "Very Satisfied": {
            "precision": 0.904320987654321,
            "recall": 0.7834224598930482,
            "f1-score": 0.839541547277937,
            "support": 374.0
        },
        "accuracy": 0.9086057371581054,
        "macro avg": {
            "precision": 0.9098484812797811,
            "recall": 0.9086215724200706,
            "f1-score": 0.9077264676962794,
            "support": 1499.0
        },
        "weighted avg": {
            "precision": 0.9097276870254871,
            "recall": 0.9086057371581054,
            "f1-score": 0.9076592440696003,
            "support": 1499.0
        }
    },
    "confusion_matrix": [
        [
            361,
            12,
            0,
            3
        ],
        [
            12,
            335,
            1,
            28
        ],
        [
            0,
            0,
            373,
            0
        ],
        [
            11,
            61,
            9,
            293
        ]
    ],
    "confusion_matrix_labels": [
        "Neutral",
        "Satisfied",
        "Very Dissatisfied",
        "Very Satisfied"
    ],
    "model_info": {
        "num_features": 10,
        "categorical_features": [
            "Education_Grouped",
            "State",
            "Employment_Grouped"
        ],
        "feature_names": [
            "Discuss_NextSteps",
            "Education_Grouped",
            "State",
            "Facility_Care_Dur_Years",
            "Exam_Explained",
            "Empathy_Listening_Interaction",
            "HIV_Care_Duration_Ratio",
            "Age",
            "Empathy_DecisionShare_Interaction",
            "Employment_Grouped"
        ],
        "target_classes": [
            "Neutral",
            "Satisfied",
            "Very Dissatisfied",
            "Very Satisfied"
        ]
    }
}